{
  "classification_report": {
    "0": {
      "precision": 0.9247706422018349,
      "recall": 0.9863013698630136,
      "f1-score": 0.9545454545454546,
      "support": 511.0
    },
    "1": {
      "precision": 0.970954356846473,
      "recall": 0.850909090909091,
      "f1-score": 0.9069767441860465,
      "support": 275.0
    },
    "accuracy": 0.9389312977099237,
    "macro avg": {
      "precision": 0.947862499524154,
      "recall": 0.9186052303860524,
      "f1-score": 0.9307610993657505,
      "support": 786.0
    },
    "weighted avg": {
      "precision": 0.940929066536791,
      "recall": 0.9389312977099237,
      "f1-score": 0.9379024579184352,
      "support": 786.0
    }
  },
  "confusion_matrix": [
    [
      504,
      7
    ],
    [
      41,
      234
    ]
  ],
  "accuracy": 0.9389312977099237,
  "weighted_f1": 0.9379024579184352,
  "weighted_precision": 0.940929066536791,
  "weighted_recall": 0.9389312977099237,
  "roc_auc": 0.9730225938445117,
  "average_precision": 0.9636281160418474
}